source,fundName,vintage,committedM,calledM,distributedM,navM,irr,asOf,sourceUrl
CalSTRS,"Apax Europe VI - A, L.P.",2005,293.5,309.9,617.8,11.0,12.68,2025-06-30,https://www.calstrs.com/files/6765c6592/CalSTRSPrivateEquityPerformanceReportFYE2025.pdf
CalSTRS,Apax Europe VII,2007,446.1,518.5,656.9,2.0,4.35,2025-06-30,https://www.calstrs.com/files/6765c6592/CalSTRSPrivateEquityPerformanceReportFYE2025.pdf
CalSTRS,Apax IX USD L.P.,2017,300.0,325.2,435.5,185.3,17.83,2025-06-30,https://www.calstrs.com/files/6765c6592/CalSTRSPrivateEquityPerformanceReportFYE2025.pdf
CalSTRS,Apax X USD L.P.,2020,250.0,249.5,43.2,282.7,9.88,2025-06-30,https://www.calstrs.com/files/6765c6592/CalSTRSPrivateEquityPerformanceReportFYE2025.pdf
CalSTRS,Apax XI USD L.P.,2024,150.0,34.2,,39.7,23.83,2025-06-30,https://www.calstrs.com/files/6765c6592/CalSTRSPrivateEquityPerformanceReportFYE2025.pdf
CalSTRS,Apollo Hybrid Value Fund II LP,2021,250.0,240.0,49.1,244.2,11.25,2025-06-30,https://www.calstrs.com/files/6765c6592/CalSTRSPrivateEquityPerformanceReportFYE2025.pdf
CalSTRS,"Apollo Investment Fund IX, L.P.",2019,300.0,300.6,172.1,281.8,15.41,2025-06-30,https://www.calstrs.com/files/6765c6592/CalSTRSPrivateEquityPerformanceReportFYE2025.pdf
CalSTRS,"Apollo Investment Fund VI, L.P.",2006,250.0,239.5,399.3,4.3,8.57,2025-06-30,https://www.calstrs.com/files/6765c6592/CalSTRSPrivateEquityPerformanceReportFYE2025.pdf
CalSTRS,"Apollo Investment Fund VII, L.P.",2008,350.0,302.1,622.0,,22.53,2025-06-30,https://www.calstrs.com/files/6765c6592/CalSTRSPrivateEquityPerformanceReportFYE2025.pdf
CalSTRS,Apollo Investment Fund X L.P.,2023,300.0,136.1,27.4,134.5,19.14,2025-06-30,https://www.calstrs.com/files/6765c6592/CalSTRSPrivateEquityPerformanceReportFYE2025.pdf
CalSTRS,"Ares Corporate Opportunities Fund IV, L.P.",2012,150.0,138.5,253.2,21.3,13.96,2025-06-30,https://www.calstrs.com/files/6765c6592/CalSTRSPrivateEquityPerformanceReportFYE2025.pdf
CalSTRS,"Ares Corporate Opportunities Fund V, L.P.",2017,300.0,335.2,174.8,260.7,5.97,2025-06-30,https://www.calstrs.com/files/6765c6592/CalSTRSPrivateEquityPerformanceReportFYE2025.pdf
CalSTRS,"Ares Corporate Opportunities VI, L.P.",2020,200.0,223.9,77.3,240.7,15.58,2025-06-30,https://www.calstrs.com/files/6765c6592/CalSTRSPrivateEquityPerformanceReportFYE2025.pdf
CalSTRS,Ares Special Opportunities Fund II,2022,100.0,84.4,,106.6,13.41,2025-06-30,https://www.calstrs.com/files/6765c6592/CalSTRSPrivateEquityPerformanceReportFYE2025.pdf
CalSTRS,"Ares Special Opportunities Fund, L.P.",2020,50.0,49.3,47.9,28.0,14.65,2025-06-30,https://www.calstrs.com/files/6765c6592/CalSTRSPrivateEquityPerformanceReportFYE2025.pdf
CalSTRS,Ares Special Opportunities III,2025,150.0,,,,0.0,2025-06-30,https://www.calstrs.com/files/6765c6592/CalSTRSPrivateEquityPerformanceReportFYE2025.pdf
CalSTRS,KKR 2006 Fund L.P.,2007,300.0,311.8,554.1,,8.35,2025-06-30,https://www.calstrs.com/files/6765c6592/CalSTRSPrivateEquityPerformanceReportFYE2025.pdf
CalSTRS,KKR Americas Fund XII L.P.,2017,300.0,305.2,277.8,381.9,19.4,2025-06-30,https://www.calstrs.com/files/6765c6592/CalSTRSPrivateEquityPerformanceReportFYE2025.pdf
CalSTRS,KKR Asian Fund III,2018,180.0,176.2,150.1,200.1,19.11,2025-06-30,https://www.calstrs.com/files/6765c6592/CalSTRSPrivateEquityPerformanceReportFYE2025.pdf
CalSTRS,KKR Asian Fund IV SCSp,2021,300.0,198.6,38.9,266.0,19.22,2025-06-30,https://www.calstrs.com/files/6765c6592/CalSTRSPrivateEquityPerformanceReportFYE2025.pdf
CalSTRS,KKR North America Fund XI,2013,150.0,160.4,330.5,54.6,18.87,2025-06-30,https://www.calstrs.com/files/6765c6592/CalSTRSPrivateEquityPerformanceReportFYE2025.pdf
CalSTRS,KKR North America XIII SCSp,2022,275.0,241.3,5.2,284.4,10.82,2025-06-30,https://www.calstrs.com/files/6765c6592/CalSTRSPrivateEquityPerformanceReportFYE2025.pdf
CalSTRS,KKR North America XIV SCSp,2025,400.0,,,,0.0,2025-06-30,https://www.calstrs.com/files/6765c6592/CalSTRSPrivateEquityPerformanceReportFYE2025.pdf
CalSTRS,Madison Dearborn Capital VII-A/B,2015,200.0,203.9,211.5,168.6,13.27,2025-06-30,https://www.calstrs.com/files/6765c6592/CalSTRSPrivateEquityPerformanceReportFYE2025.pdf
CalSTRS,Searchlight Capital III LP,2020,150.0,152.3,69.7,197.0,22.9,2025-06-30,https://www.calstrs.com/files/6765c6592/CalSTRSPrivateEquityPerformanceReportFYE2025.pdf
CalSTRS,Searchlight Capital IV LP,2024,150.0,45.1,0.2,54.2,34.21,2025-06-30,https://www.calstrs.com/files/6765c6592/CalSTRSPrivateEquityPerformanceReportFYE2025.pdf
CalSTRS,"TPG Asia V, L.P.",2007,180.0,153.0,222.1,6.8,6.27,2025-06-30,https://www.calstrs.com/files/6765c6592/CalSTRSPrivateEquityPerformanceReportFYE2025.pdf
CalSTRS,"TPG Asia VII (A), L.P.",2019,150.0,163.7,105.0,134.0,11.22,2025-06-30,https://www.calstrs.com/files/6765c6592/CalSTRSPrivateEquityPerformanceReportFYE2025.pdf
CalSTRS,TPG Asia VIII (A),2024,100.0,42.6,,49.6,17.51,2025-06-30,https://www.calstrs.com/files/6765c6592/CalSTRSPrivateEquityPerformanceReportFYE2025.pdf
CalSTRS,"TPG Growth II, LP",2011,125.0,126.5,241.4,53.5,15.73,2025-06-30,https://www.calstrs.com/files/6765c6592/CalSTRSPrivateEquityPerformanceReportFYE2025.pdf
CalSTRS,"TPG Growth III (A), L.P.",2016,200.0,220.5,264.2,102.1,15.21,2025-06-30,https://www.calstrs.com/files/6765c6592/CalSTRSPrivateEquityPerformanceReportFYE2025.pdf
CalSTRS,"TPG Growth IV, L.P.",2018,200.0,225.8,222.5,157.1,14.34,2025-06-30,https://www.calstrs.com/files/6765c6592/CalSTRSPrivateEquityPerformanceReportFYE2025.pdf
CalSTRS,TPG Growth V L.P.,2021,100.0,102.5,21.3,124.1,14.5,2025-06-30,https://www.calstrs.com/files/6765c6592/CalSTRSPrivateEquityPerformanceReportFYE2025.pdf
CalSTRS,"TPG Partners IV, L.P.",2003,350.0,324.1,678.7,0.8,15.15,2025-06-30,https://www.calstrs.com/files/6765c6592/CalSTRSPrivateEquityPerformanceReportFYE2025.pdf
CalSTRS,"TPG Partners IX, L.P.",2023,200.0,122.9,1.6,146.3,22.67,2025-06-30,https://www.calstrs.com/files/6765c6592/CalSTRSPrivateEquityPerformanceReportFYE2025.pdf
CalSTRS,"TPG Partners V, L.P.",2006,1000.0,869.0,1247.6,,4.8,2025-06-30,https://www.calstrs.com/files/6765c6592/CalSTRSPrivateEquityPerformanceReportFYE2025.pdf
CalSTRS,"TPG Partners VI, L.P.",2008,450.0,430.4,665.9,3.9,9.38,2025-06-30,https://www.calstrs.com/files/6765c6592/CalSTRSPrivateEquityPerformanceReportFYE2025.pdf
CalSTRS,"TPG Partners VIII, L.P.",2019,200.0,205.1,84.1,236.0,17.23,2025-06-30,https://www.calstrs.com/files/6765c6592/CalSTRSPrivateEquityPerformanceReportFYE2025.pdf
